IndicatorId,IndicatorName,IndicatorShortName,Source,SourceYear,Author,LocationId,Location,Iso2,Iso3,TimeId,Time,VariantId,Variant,SexId,Sex,AgeId,AgeStart,AgeEnd,Age,CategoryId,Category,EstimateTypeId,EstimateType,EstimateMethodId,EstimateMethod,Value
67,"Median age of population","Median age of the total population","World Population Prospects",2024,"United Nations Population Division",4,"Afghanistan","AF","AFG",70,"2019",4,"Median",3,"Both sexes",188,0,-1,"Total",0,"Not applicable",1,"Model-based Estimates",2,"Interpolation",16.2342598253649
67,"Median age of population","Median age of the total population","World Population Prospects",2024,"United Nations Population Division",8,"Albania","AL","ALB",70,"2019",4,"Median",3,"Both sexes",188,0,-1,"Total",0,"Not applicable",1,"Model-based Estimates",2,"Interpolation",34.7080287384976
67,"Median age of population","Median age of the total population","World Population Prospects",2024,"United Nations Population Division",12,"Algeria","DZ","DZA",70,"2019",4,"Median",3,"Both sexes",188,0,-1,"Total",0,"Not applicable",1,"Model-based Estimates",2,"Interpolation",27.4311513055076
67,"Median age of population","Median age of the total population","World Population Prospects",2024,"United Nations Population Division",16,"American Samoa","AS","ASM",70,"2019",4,"Median",3,"Both sexes",188,0,-1,"Total",0,"Not applicable",1,"Model-based Estimates",2,"Interpolation",26.25126853916
67,"Median age of population","Median age of the total population","World Population Prospects",2024,"United Nations Population Division",20,"Andorra","AD","AND",70,"2019",4,"Median",3,"Both sexes",188,0,-1,"Total",0,"Not applicable",1,"Model-based Estimates",2,"Interpolation",41.7308972345425
67,"Median age of population","Median age of the total population","World Population Prospects",2024,"United Nations Population Division",24,"Angola","AO","AGO",70,"2019",4,"Median",3,"Both sexes",188,0,-1,"Total",0,"Not applicable",1,"Model-based Estimates",2,"Interpolation",16.3024183058205
67,"Median age of population","Median age of the total population","World Population Prospects",2024,"United Nations Population Division",28,"Antigua and Barbuda","AG","ATG",70,"2019",4,"Median",3,"Both sexes",188,0,-1,"Total",0,"Not applicable",1,"Model-based Estimates",2,"Interpolation",33.8295615856804
67,"Median age of population","Median age of the total population","World Population Prospects",2024,"United Nations Population Division",31,"Azerbaijan","AZ","AZE",70,"2019",4,"Median",3,"Both sexes",188,0,-1,"Total",0,"Not applicable",1,"Model-based Estimates",2,"Interpolation",30.6988359262162
67,"Median age of population","Median age of the total population","World Population Prospects",2024,"United Nations Population Division",32,"Argentina","AR","ARG",70,"2019",4,"Median",3,"Both sexes",188,0,-1,"Total",0,"Not applicable",1,"Model-based Estimates",2,"Interpolation",30.7625167966656
67,"Median age of population","Median age of the total population","World Population Prospects",2024,"United Nations Population Division",36,"Australia","AU","AUS",70,"2019",4,"Median",3,"Both sexes",188,0,-1,"Total",0,"Not applicable",1,"Model-based Estimates",2,"Interpolation",36.5427894519395
67,"Median age of population","Median age of the total population","World Population Prospects",2024,"United Nations Population Division",40,"Austria","AT","AUT",70,"2019",4,"Median",3,"Both sexes",188,0,-1,"Total",0,"Not applicable",1,"Model-based Estimates",2,"Interpolation",42.4327450486761
67,"Median age of population","Median age of the total population","World Population Prospects",2024,"United Nations Population Division",44,"Bahamas","BS","BHS",70,"2019",4,"Median",3,"Both sexes",188,0,-1,"Total",0,"Not applicable",1,"Model-based Estimates",2,"Interpolation",33.2472130481765
67,"Median age of population","Median age of the total population","World Population Prospects",2024,"United Nations Population Division",48,"Bahrain","BH","BHR",70,"2019",4,"Median",3,"Both sexes",188,0,-1,"Total",0,"Not applicable",1,"Model-based Estimates",2,"Interpolation",31.2099122747852
67,"Median age of population","Median age of the total population","World Population Prospects",2024,"United Nations Population Division",50,"Bangladesh","BD","BGD",70,"2019",4,"Median",3,"Both sexes",188,0,-1,"Total",0,"Not applicable",1,"Model-based Estimates",2,"Interpolation",24.3799699433534
67,"Median age of population","Median age of the total population","World Population Prospects",2024,"United Nations Population Division",51,"Armenia","AM","ARM",70,"2019",4,"Median",3,"Both sexes",188,0,-1,"Total",0,"Not applicable",1,"Model-based Estimates",2,"Interpolation",34.5248115724556
67,"Median age of population","Median age of the total population","World Population Prospects",2024,"United Nations Population Division",52,"Barbados","BB","BRB",70,"2019",4,"Median",3,"Both sexes",188,0,-1,"Total",0,"Not applicable",1,"Model-based Estimates",2,"Interpolation",37.9211322538314
67,"Median age of population","Median age of the total population","World Population Prospects",2024,"United Nations Population Division",56,"Belgium","BE","BEL",70,"2019",4,"Median",3,"Both sexes",188,0,-1,"Total",0,"Not applicable",1,"Model-based Estimates",2,"Interpolation",40.7351331470827
67,"Median age of population","Median age of the total population","World Population Prospects",2024,"United Nations Population Division",60,"Bermuda","BM","BMU",70,"2019",4,"Median",3,"Both sexes",188,0,-1,"Total",0,"Not applicable",1,"Model-based Estimates",2,"Interpolation",43.743794476991
67,"Median age of population","Median age of the total population","World Population Prospects",2024,"United Nations Population Division",64,"Bhutan","BT","BTN",70,"2019",4,"Median",3,"Both sexes",188,0,-1,"Total",0,"Not applicable",1,"Model-based Estimates",2,"Interpolation",27.055254204606
67,"Median age of population","Median age of the total population","World Population Prospects",2024,"United Nations Population Division",68,"Bolivia (Plurinational State of)","BO","BOL",70,"2019",4,"Median",3,"Both sexes",188,0,-1,"Total",0,"Not applicable",1,"Model-based Estimates",2,"Interpolation",23.7999764302735
67,"Median age of population","Median age of the total population","World Population Prospects",2024,"United Nations Population Division",70,"Bosnia and Herzegovina","BA","BIH",70,"2019",4,"Median",3,"Both sexes",188,0,-1,"Total",0,"Not applicable",1,"Model-based Estimates",2,"Interpolation",43.2918482668368
67,"Median age of population","Median age of the total population","World Population Prospects",2024,"United Nations Population Division",72,"Botswana","BW","BWA",70,"2019",4,"Median",3,"Both sexes",188,0,-1,"Total",0,"Not applicable",1,"Model-based Estimates",2,"Interpolation",22.1052063071653
67,"Median age of population","Median age of the total population","World Population Prospects",2024,"United Nations Population Division",76,"Brazil","BR","BRA",70,"2019",4,"Median",3,"Both sexes",188,0,-1,"Total",0,"Not applicable",1,"Model-based Estimates",2,"Interpolation",32.2561694650033
67,"Median age of population","Median age of the total population","World Population Prospects",2024,"United Nations Population Division",84,"Belize","BZ","BLZ",70,"2019",4,"Median",3,"Both sexes",188,0,-1,"Total",0,"Not applicable",1,"Model-based Estimates",2,"Interpolation",24.2731243534341
67,"Median age of population","Median age of the total population","World Population Prospects",2024,"United Nations Population Division",90,"Solomon Islands","SB","SLB",70,"2019",4,"Median",3,"Both sexes",188,0,-1,"Total",0,"Not applicable",1,"Model-based Estimates",2,"Interpolation",19.4823131056139
67,"Median age of population","Median age of the total population","World Population Prospects",2024,"United Nations Population Division",92,"British Virgin Islands","VG","VGB",70,"2019",4,"Median",3,"Both sexes",188,0,-1,"Total",0,"Not applicable",1,"Model-based Estimates",2,"Interpolation",35.8561358860625
67,"Median age of population","Median age of the total population","World Population Prospects",2024,"United Nations Population Division",96,"Brunei Darussalam","BN","BRN",70,"2019",4,"Median",3,"Both sexes",188,0,-1,"Total",0,"Not applicable",1,"Model-based Estimates",2,"Interpolation",29.9598690558396
67,"Median age of population","Median age of the total population","World Population Prospects",2024,"United Nations Population Division",100,"Bulgaria","BG","BGR",70,"2019",4,"Median",3,"Both sexes",188,0,-1,"Total",0,"Not applicable",1,"Model-based Estimates",2,"Interpolation",43.6277572414755
67,"Median age of population","Median age of the total population","World Population Prospects",2024,"United Nations Population Division",104,"Myanmar","MM","MMR",70,"2019",4,"Median",3,"Both sexes",188,0,-1,"Total",0,"Not applicable",1,"Model-based Estimates",2,"Interpolation",28.4447781028108
67,"Median age of population","Median age of the total population","World Population Prospects",2024,"United Nations Population Division",108,"Burundi","BI","BDI",70,"2019",4,"Median",3,"Both sexes",188,0,-1,"Total",0,"Not applicable",1,"Model-based Estimates",2,"Interpolation",15.1943066930544
67,"Median age of population","Median age of the total population","World Population Prospects",2024,"United Nations Population Division",112,"Belarus","BY","BLR",70,"2019",4,"Median",3,"Both sexes",188,0,-1,"Total",0,"Not applicable",1,"Model-based Estimates",2,"Interpolation",39.2884190638022
67,"Median age of population","Median age of the total population","World Population Prospects",2024,"United Nations Population Division",116,"Cambodia","KH","KHM",70,"2019",4,"Median",3,"Both sexes",188,0,-1,"Total",0,"Not applicable",1,"Model-based Estimates",2,"Interpolation",24.8420141016025
67,"Median age of population","Median age of the total population","World Population Prospects",2024,"United Nations Population Division",120,"Cameroon","CM","CMR",70,"2019",4,"Median",3,"Both sexes",188,0,-1,"Total",0,"Not applicable",1,"Model-based Estimates",2,"Interpolation",17.37390701887
67,"Median age of population","Median age of the total population","World Population Prospects",2024,"United Nations Population Division",124,"Canada","CA","CAN",70,"2019",4,"Median",3,"Both sexes",188,0,-1,"Total",0,"Not applicable",1,"Model-based Estimates",2,"Interpolation",39.7878258818112
67,"Median age of population","Median age of the total population","World Population Prospects",2024,"United Nations Population Division",132,"Cabo Verde","CV","CPV",70,"2019",4,"Median",3,"Both sexes",188,0,-1,"Total",0,"Not applicable",1,"Model-based Estimates",2,"Interpolation",26.0181336466155
67,"Median age of population","Median age of the total population","World Population Prospects",2024,"United Nations Population Division",136,"Cayman Islands","KY","CYM",70,"2019",4,"Median",3,"Both sexes",188,0,-1,"Total",0,"Not applicable",1,"Model-based Estimates",2,"Interpolation",36.4104289741986
67,"Median age of population","Median age of the total population","World Population Prospects",2024,"United Nations Population Division",140,"Central African Republic","CF","CAF",70,"2019",4,"Median",3,"Both sexes",188,0,-1,"Total",0,"Not applicable",1,"Model-based Estimates",2,"Interpolation",14.3677376640978
67,"Median age of population","Median age of the total population","World Population Prospects",2024,"United Nations Population Division",144,"Sri Lanka","LK","LKA",70,"2019",4,"Median",3,"Both sexes",188,0,-1,"Total",0,"Not applicable",1,"Model-based Estimates",2,"Interpolation",31.816394009346
67,"Median age of population","Median age of the total population","World Population Prospects",2024,"United Nations Population Division",148,"Chad","TD","TCD",70,"2019",4,"Median",3,"Both sexes",188,0,-1,"Total",0,"Not applicable",1,"Model-based Estimates",2,"Interpolation",14.8132191464451
67,"Median age of population","Median age of the total population","World Population Prospects",2024,"United Nations Population Division",152,"Chile","CL","CHL",70,"2019",4,"Median",3,"Both sexes",188,0,-1,"Total",0,"Not applicable",1,"Model-based Estimates",2,"Interpolation",34.3283984938574
67,"Median age of population","Median age of the total population","World Population Prospects",2024,"United Nations Population Division",156,"China","CN","CHN",70,"2019",4,"Median",3,"Both sexes",188,0,-1,"Total",0,"Not applicable",1,"Model-based Estimates",2,"Interpolation",37.0262100856568
67,"Median age of population","Median age of the total population","World Population Prospects",2024,"United Nations Population Division",158,"China, Taiwan Province of China","TW","TWN",70,"2019",4,"Median",3,"Both sexes",188,0,-1,"Total",0,"Not applicable",1,"Model-based Estimates",2,"Interpolation",41.1460802056316
67,"Median age of population","Median age of the total population","World Population Prospects",2024,"United Nations Population Division",170,"Colombia","CO","COL",70,"2019",4,"Median",3,"Both sexes",188,0,-1,"Total",0,"Not applicable",1,"Model-based Estimates",2,"Interpolation",30.0840475542351
67,"Median age of population","Median age of the total population","World Population Prospects",2024,"United Nations Population Division",174,"Comoros","KM","COM",70,"2019",4,"Median",3,"Both sexes",188,0,-1,"Total",0,"Not applicable",1,"Model-based Estimates",2,"Interpolation",19.4568524927711
67,"Median age of population","Median age of the total population","World Population Prospects",2024,"United Nations Population Division",175,"Mayotte","YT","MYT",70,"2019",4,"Median",3,"Both sexes",188,0,-1,"Total",0,"Not applicable",1,"Model-based Estimates",2,"Interpolation",16.7041976510961
67,"Median age of population","Median age of the total population","World Population Prospects",2024,"United Nations Population Division",178,"Congo","CG","COG",70,"2019",4,"Median",3,"Both sexes",188,0,-1,"Total",0,"Not applicable",1,"Model-based Estimates",2,"Interpolation",18.0505034045701
67,"Median age of population","Median age of the total population","World Population Prospects",2024,"United Nations Population Division",180,"Democratic Republic of the Congo","CD","COD",70,"2019",4,"Median",3,"Both sexes",188,0,-1,"Total",0,"Not applicable",1,"Model-based Estimates",2,"Interpolation",15.8444621343494
67,"Median age of population","Median age of the total population","World Population Prospects",2024,"United Nations Population Division",184,"Cook Islands","CK","COK",70,"2019",4,"Median",3,"Both sexes",188,0,-1,"Total",0,"Not applicable",1,"Model-based Estimates",2,"Interpolation",32.4506097628631
67,"Median age of population","Median age of the total population","World Population Prospects",2024,"United Nations Population Division",188,"Costa Rica","CR","CRI",70,"2019",4,"Median",3,"Both sexes",188,0,-1,"Total",0,"Not applicable",1,"Model-based Estimates",2,"Interpolation",32.013822069169
67,"Median age of population","Median age of the total population","World Population Prospects",2024,"United Nations Population Division",191,"Croatia","HR","HRV",70,"2019",4,"Median",3,"Both sexes",188,0,-1,"Total",0,"Not applicable",1,"Model-based Estimates",2,"Interpolation",43.9516903767248
67,"Median age of population","Median age of the total population","World Population Prospects",2024,"United Nations Population Division",192,"Cuba","CU","CUB",70,"2019",4,"Median",3,"Both sexes",188,0,-1,"Total",0,"Not applicable",1,"Model-based Estimates",2,"Interpolation",41.0964107479494
67,"Median age of population","Median age of the total population","World Population Prospects",2024,"United Nations Population Division",196,"Cyprus","CY","CYP",70,"2019",4,"Median",3,"Both sexes",188,0,-1,"Total",0,"Not applicable",1,"Model-based Estimates",2,"Interpolation",36.1201318937624
67,"Median age of population","Median age of the total population","World Population Prospects",2024,"United Nations Population Division",203,"Czechia","CZ","CZE",70,"2019",4,"Median",3,"Both sexes",188,0,-1,"Total",0,"Not applicable",1,"Model-based Estimates",2,"Interpolation",41.9627395988349
67,"Median age of population","Median age of the total population","World Population Prospects",2024,"United Nations Population Division",204,"Benin","BJ","BEN",70,"2019",4,"Median",3,"Both sexes",188,0,-1,"Total",0,"Not applicable",1,"Model-based Estimates",2,"Interpolation",17.3310800693897
67,"Median age of population","Median age of the total population","World Population Prospects",2024,"United Nations Population Division",208,"Denmark","DK","DNK",70,"2019",4,"Median",3,"Both sexes",188,0,-1,"Total",0,"Not applicable",1,"Model-based Estimates",2,"Interpolation",40.9929801104254
67,"Median age of population","Median age of the total population","World Population Prospects",2024,"United Nations Population Division",212,"Dominica","DM","DMA",70,"2019",4,"Median",3,"Both sexes",188,0,-1,"Total",0,"Not applicable",1,"Model-based Estimates",2,"Interpolation",33.9690198071399
67,"Median age of population","Median age of the total population","World Population Prospects",2024,"United Nations Population Division",214,"Dominican Republic","DO","DOM",70,"2019",4,"Median",3,"Both sexes",188,0,-1,"Total",0,"Not applicable",1,"Model-based Estimates",2,"Interpolation",26.3878786529832
67,"Median age of population","Median age of the total population","World Population Prospects",2024,"United Nations Population Division",218,"Ecuador","EC","ECU",70,"2019",4,"Median",3,"Both sexes",188,0,-1,"Total",0,"Not applicable",1,"Model-based Estimates",2,"Interpolation",26.8555537886132
67,"Median age of population","Median age of the total population","World Population Prospects",2024,"United Nations Population Division",222,"El Salvador","SV","SLV",70,"2019",4,"Median",3,"Both sexes",188,0,-1,"Total",0,"Not applicable",1,"Model-based Estimates",2,"Interpolation",25.2928750457677
67,"Median age of population","Median age of the total population","World Population Prospects",2024,"United Nations Population Division",226,"Equatorial Guinea","GQ","GNQ",70,"2019",4,"Median",3,"Both sexes",188,0,-1,"Total",0,"Not applicable",1,"Model-based Estimates",2,"Interpolation",21.1604294836874
67,"Median age of population","Median age of the total population","World Population Prospects",2024,"United Nations Population Division",231,"Ethiopia","ET","ETH",70,"2019",4,"Median",3,"Both sexes",188,0,-1,"Total",0,"Not applicable",1,"Model-based Estimates",2,"Interpolation",17.9257977673632
67,"Median age of population","Median age of the total population","World Population Prospects",2024,"United Nations Population Division",232,"Eritrea","ER","ERI",70,"2019",4,"Median",3,"Both sexes",188,0,-1,"Total",0,"Not applicable",1,"Model-based Estimates",2,"Interpolation",17.7802792403825
67,"Median age of population","Median age of the total population","World Population Prospects",2024,"United Nations Population Division",233,"Estonia","EE","EST",70,"2019",4,"Median",3,"Both sexes",188,0,-1,"Total",0,"Not applicable",1,"Model-based Estimates",2,"Interpolation",41.2129810555045
67,"Median age of population","Median age of the total population","World Population Prospects",2024,"United Nations Population Division",234,"Faroe Islands","FO","FRO",70,"2019",4,"Median",3,"Both sexes",188,0,-1,"Total",0,"Not applicable",1,"Model-based Estimates",2,"Interpolation",37.8607598661904
67,"Median age of population","Median age of the total population","World Population Prospects",2024,"United Nations Population Division",238,"Falkland Islands (Malvinas)","FK","FLK",70,"2019",4,"Median",3,"Both sexes",188,0,-1,"Total",0,"Not applicable",1,"Model-based Estimates",2,"Interpolation",39.457711999971
67,"Median age of population","Median age of the total population","World Population Prospects",2024,"United Nations Population Division",242,"Fiji","FJ","FJI",70,"2019",4,"Median",3,"Both sexes",188,0,-1,"Total",0,"Not applicable",1,"Model-based Estimates",2,"Interpolation",26.7759983842564
67,"Median age of population","Median age of the total population","World Population Prospects",2024,"United Nations Population Division",246,"Finland","FI","FIN",70,"2019",4,"Median",3,"Both sexes",188,0,-1,"Total",0,"Not applicable",1,"Model-based Estimates",2,"Interpolation",41.9740309521083
67,"Median age of population","Median age of the total population","World Population Prospects",2024,"United Nations Population Division",250,"France","FR","FRA",70,"2019",4,"Median",3,"Both sexes",188,0,-1,"Total",0,"Not applicable",1,"Model-based Estimates",2,"Interpolation",41.0796511977195
67,"Median age of population","Median age of the total population","World Population Prospects",2024,"United Nations Population Division",254,"French Guiana","GF","GUF",70,"2019",4,"Median",3,"Both sexes",188,0,-1,"Total",0,"Not applicable",1,"Model-based Estimates",2,"Interpolation",24.9628353285774
67,"Median age of population","Median age of the total population","World Population Prospects",2024,"United Nations Population Division",258,"French Polynesia","PF","PYF",70,"2019",4,"Median",3,"Both sexes",188,0,-1,"Total",0,"Not applicable",1,"Model-based Estimates",2,"Interpolation",32.4281600966063
67,"Median age of population","Median age of the total population","World Population Prospects",2024,"United Nations Population Division",262,"Djibouti","DJ","DJI",70,"2019",4,"Median",3,"Both sexes",188,0,-1,"Total",0,"Not applicable",1,"Model-based Estimates",2,"Interpolation",23.2130881512866
67,"Median age of population","Median age of the total population","World Population Prospects",2024,"United Nations Population Division",266,"Gabon","GA","GAB",70,"2019",4,"Median",3,"Both sexes",188,0,-1,"Total",0,"Not applicable",1,"Model-based Estimates",2,"Interpolation",21.4590440184371
67,"Median age of population","Median age of the total population","World Population Prospects",2024,"United Nations Population Division",268,"Georgia","GE","GEO",70,"2019",4,"Median",3,"Both sexes",188,0,-1,"Total",0,"Not applicable",1,"Model-based Estimates",2,"Interpolation",36.3291433340533
67,"Median age of population","Median age of the total population","World Population Prospects",2024,"United Nations Population Division",270,"Gambia","GM","GMB",70,"2019",4,"Median",3,"Both sexes",188,0,-1,"Total",0,"Not applicable",1,"Model-based Estimates",2,"Interpolation",17.4675337976474
67,"Median age of population","Median age of the total population","World Population Prospects",2024,"United Nations Population Division",275,"State of Palestine","PS","PSE",70,"2019",4,"Median",3,"Both sexes",188,0,-1,"Total",0,"Not applicable",1,"Model-based Estimates",2,"Interpolation",19.1521764984733
67,"Median age of population","Median age of the total population","World Population Prospects",2024,"United Nations Population Division",276,"Germany","DE","DEU",70,"2019",4,"Median",3,"Both sexes",188,0,-1,"Total",0,"Not applicable",1,"Model-based Estimates",2,"Interpolation",44.903599356348
67,"Median age of population","Median age of the total population","World Population Prospects",2024,"United Nations Population Division",288,"Ghana","GH","GHA",70,"2019",4,"Median",3,"Both sexes",188,0,-1,"Total",0,"Not applicable",1,"Model-based Estimates",2,"Interpolation",20.2504784768342
67,"Median age of population","Median age of the total population","World Population Prospects",2024,"United Nations Population Division",292,"Gibraltar","GI","GIB",70,"2019",4,"Median",3,"Both sexes",188,0,-1,"Total",0,"Not applicable",1,"Model-based Estimates",2,"Interpolation",39.1534672565923
67,"Median age of population","Median age of the total population","World Population Prospects",2024,"United Nations Population Division",296,"Kiribati","KI","KIR",70,"2019",4,"Median",3,"Both sexes",188,0,-1,"Total",0,"Not applicable",1,"Model-based Estimates",2,"Interpolation",21.9926014509528
67,"Median age of population","Median age of the total population","World Population Prospects",2024,"United Nations Population Division",300,"Greece","GR","GRC",70,"2019",4,"Median",3,"Both sexes",188,0,-1,"Total",0,"Not applicable",1,"Model-based Estimates",2,"Interpolation",44.004583429734
67,"Median age of population","Median age of the total population","World Population Prospects",2024,"United Nations Population Division",304,"Greenland","GL","GRL",70,"2019",4,"Median",3,"Both sexes",188,0,-1,"Total",0,"Not applicable",1,"Model-based Estimates",2,"Interpolation",33.4747381310867
67,"Median age of population","Median age of the total population","World Population Prospects",2024,"United Nations Population Division",308,"Grenada","GD","GRD",70,"2019",4,"Median",3,"Both sexes",188,0,-1,"Total",0,"Not applicable",1,"Model-based Estimates",2,"Interpolation",31.4421395032242
67,"Median age of population","Median age of the total population","World Population Prospects",2024,"United Nations Population Division",312,"Guadeloupe","GP","GLP",70,"2019",4,"Median",3,"Both sexes",188,0,-1,"Total",0,"Not applicable",1,"Model-based Estimates",2,"Interpolation",43.8463515393431
67,"Median age of population","Median age of the total population","World Population Prospects",2024,"United Nations Population Division",316,"Guam","GU","GUM",70,"2019",4,"Median",3,"Both sexes",188,0,-1,"Total",0,"Not applicable",1,"Model-based Estimates",2,"Interpolation",30.7061793126756
67,"Median age of population","Median age of the total population","World Population Prospects",2024,"United Nations Population Division",320,"Guatemala","GT","GTM",70,"2019",4,"Median",3,"Both sexes",188,0,-1,"Total",0,"Not applicable",1,"Model-based Estimates",2,"Interpolation",21.2148032881391
67,"Median age of population","Median age of the total population","World Population Prospects",2024,"United Nations Population Division",324,"Guinea","GN","GIN",70,"2019",4,"Median",3,"Both sexes",188,0,-1,"Total",0,"Not applicable",1,"Model-based Estimates",2,"Interpolation",17.4351253052256
67,"Median age of population","Median age of the total population","World Population Prospects",2024,"United Nations Population Division",328,"Guyana","GY","GUY",70,"2019",4,"Median",3,"Both sexes",188,0,-1,"Total",0,"Not applicable",1,"Model-based Estimates",2,"Interpolation",24.6131661181549
67,"Median age of population","Median age of the total population","World Population Prospects",2024,"United Nations Population Division",332,"Haiti","HT","HTI",70,"2019",4,"Median",3,"Both sexes",188,0,-1,"Total",0,"Not applicable",1,"Model-based Estimates",2,"Interpolation",22.5070705473839
67,"Median age of population","Median age of the total population","World Population Prospects",2024,"United Nations Population Division",340,"Honduras","HN","HND",70,"2019",4,"Median",3,"Both sexes",188,0,-1,"Total",0,"Not applicable",1,"Model-based Estimates",2,"Interpolation",22.2445936219684
67,"Median age of population","Median age of the total population","World Population Prospects",2024,"United Nations Population Division",344,"China, Hong Kong SAR","HK","HKG",70,"2019",4,"Median",3,"Both sexes",188,0,-1,"Total",0,"Not applicable",1,"Model-based Estimates",2,"Interpolation",43.8124101938342
67,"Median age of population","Median age of the total population","World Population Prospects",2024,"United Nations Population Division",348,"Hungary","HU","HUN",70,"2019",4,"Median",3,"Both sexes",188,0,-1,"Total",0,"Not applicable",1,"Model-based Estimates",2,"Interpolation",42.117614410875
67,"Median age of population","Median age of the total population","World Population Prospects",2024,"United Nations Population Division",352,"Iceland","IS","ISL",70,"2019",4,"Median",3,"Both sexes",188,0,-1,"Total",0,"Not applicable",1,"Model-based Estimates",2,"Interpolation",35.4542324375748
67,"Median age of population","Median age of the total population","World Population Prospects",2024,"United Nations Population Division",356,"India","IN","IND",70,"2019",4,"Median",3,"Both sexes",188,0,-1,"Total",0,"Not applicable",1,"Model-based Estimates",2,"Interpolation",26.667794973919
67,"Median age of population","Median age of the total population","World Population Prospects",2024,"United Nations Population Division",360,"Indonesia","ID","IDN",70,"2019",4,"Median",3,"Both sexes",188,0,-1,"Total",0,"Not applicable",1,"Model-based Estimates",2,"Interpolation",28.8911026647957
67,"Median age of population","Median age of the total population","World Population Prospects",2024,"United Nations Population Division",364,"Iran (Islamic Republic of)","IR","IRN",70,"2019",4,"Median",3,"Both sexes",188,0,-1,"Total",0,"Not applicable",1,"Model-based Estimates",2,"Interpolation",30.7847245376613
67,"Median age of population","Median age of the total population","World Population Prospects",2024,"United Nations Population Division",368,"Iraq","IQ","IRQ",70,"2019",4,"Median",3,"Both sexes",188,0,-1,"Total",0,"Not applicable",1,"Model-based Estimates",2,"Interpolation",19.3634150013502
67,"Median age of population","Median age of the total population","World Population Prospects",2024,"United Nations Population Division",372,"Ireland","IE","IRL",70,"2019",4,"Median",3,"Both sexes",188,0,-1,"Total",0,"Not applicable",1,"Model-based Estimates",2,"Interpolation",36.8833186362848
67,"Median age of population","Median age of the total population","World Population Prospects",2024,"United Nations Population Division",376,"Israel","IL","ISR",70,"2019",4,"Median",3,"Both sexes",188,0,-1,"Total",0,"Not applicable",1,"Model-based Estimates",2,"Interpolation",28.9353098470407
67,"Median age of population","Median age of the total population","World Population Prospects",2024,"United Nations Population Division",380,"Italy","IT","ITA",70,"2019",4,"Median",3,"Both sexes",188,0,-1,"Total",0,"Not applicable",1,"Model-based Estimates",2,"Interpolation",45.9983113614442
67,"Median age of population","Median age of the total population","World Population Prospects",2024,"United Nations Population Division",384,"Côte d'Ivoire","CI","CIV",70,"2019",4,"Median",3,"Both sexes",188,0,-1,"Total",0,"Not applicable",1,"Model-based Estimates",2,"Interpolation",17.8171910608136
67,"Median age of population","Median age of the total population","World Population Prospects",2024,"United Nations Population Division",388,"Jamaica","JM","JAM",70,"2019",4,"Median",3,"Both sexes",188,0,-1,"Total",0,"Not applicable",1,"Model-based Estimates",2,"Interpolation",29.7463482972062
67,"Median age of population","Median age of the total population","World Population Prospects",2024,"United Nations Population Division",392,"Japan","JP","JPN",70,"2019",4,"Median",3,"Both sexes",188,0,-1,"Total",0,"Not applicable",1,"Model-based Estimates",2,"Interpolation",47.2624000980899
67,"Median age of population","Median age of the total population","World Population Prospects",2024,"United Nations Population Division",398,"Kazakhstan","KZ","KAZ",70,"2019",4,"Median",3,"Both sexes",188,0,-1,"Total",0,"Not applicable",1,"Model-based Estimates",2,"Interpolation",29.0626087769612
67,"Median age of population","Median age of the total population","World Population Prospects",2024,"United Nations Population Division",400,"Jordan","JO","JOR",70,"2019",4,"Median",3,"Both sexes",188,0,-1,"Total",0,"Not applicable",1,"Model-based Estimates",2,"Interpolation",22.9058277655711
67,"Median age of population","Median age of the total population","World Population Prospects",2024,"United Nations Population Division",404,"Kenya","KE","KEN",70,"2019",4,"Median",3,"Both sexes",188,0,-1,"Total",0,"Not applicable",1,"Model-based Estimates",2,"Interpolation",18.5405777558017
67,"Median age of population","Median age of the total population","World Population Prospects",2024,"United Nations Population Division",408,"Dem. People's Rep. of Korea","KP","PRK",70,"2019",4,"Median",3,"Both sexes",188,0,-1,"Total",0,"Not applicable",1,"Model-based Estimates",2,"Interpolation",35.1239142343267
67,"Median age of population","Median age of the total population","World Population Prospects",2024,"United Nations Population Division",410,"Republic of Korea","KR","KOR",70,"2019",4,"Median",3,"Both sexes",188,0,-1,"Total",0,"Not applicable",1,"Model-based Estimates",2,"Interpolation",42.1838885334257
67,"Median age of population","Median age of the total population","World Population Prospects",2024,"United Nations Population Division",412,"Kosovo (under UNSC res. 1244)","XK","XKX",70,"2019",4,"Median",3,"Both sexes",188,0,-1,"Total",0,"Not applicable",1,"Model-based Estimates",2,"Interpolation",29.2669825749741
67,"Median age of population","Median age of the total population","World Population Prospects",2024,"United Nations Population Division",414,"Kuwait","KW","KWT",70,"2019",4,"Median",3,"Both sexes",188,0,-1,"Total",0,"Not applicable",1,"Model-based Estimates",2,"Interpolation",36.2116241917227
67,"Median age of population","Median age of the total population","World Population Prospects",2024,"United Nations Population Division",417,"Kyrgyzstan","KG","KGZ",70,"2019",4,"Median",3,"Both sexes",188,0,-1,"Total",0,"Not applicable",1,"Model-based Estimates",2,"Interpolation",24.4703997797642
67,"Median age of population","Median age of the total population","World Population Prospects",2024,"United Nations Population Division",418,"Lao People's Democratic Republic","LA","LAO",70,"2019",4,"Median",3,"Both sexes",188,0,-1,"Total",0,"Not applicable",1,"Model-based Estimates",2,"Interpolation",23.0869837438023
67,"Median age of population","Median age of the total population","World Population Prospects",2024,"United Nations Population Division",422,"Lebanon","LB","LBN",70,"2019",4,"Median",3,"Both sexes",188,0,-1,"Total",0,"Not applicable",1,"Model-based Estimates",2,"Interpolation",27.9462833635674
67,"Median age of population","Median age of the total population","World Population Prospects",2024,"United Nations Population Division",426,"Lesotho","LS","LSO",70,"2019",4,"Median",3,"Both sexes",188,0,-1,"Total",0,"Not applicable",1,"Model-based Estimates",2,"Interpolation",20.8375141553811
67,"Median age of population","Median age of the total population","World Population Prospects",2024,"United Nations Population Division",428,"Latvia","LV","LVA",70,"2019",4,"Median",3,"Both sexes",188,0,-1,"Total",0,"Not applicable",1,"Model-based Estimates",2,"Interpolation",42.638655178743
67,"Median age of population","Median age of the total population","World Population Prospects",2024,"United Nations Population Division",430,"Liberia","LR","LBR",70,"2019",4,"Median",3,"Both sexes",188,0,-1,"Total",0,"Not applicable",1,"Model-based Estimates",2,"Interpolation",17.7664722211296
67,"Median age of population","Median age of the total population","World Population Prospects",2024,"United Nations Population Division",434,"Libya","LY","LBY",70,"2019",4,"Median",3,"Both sexes",188,0,-1,"Total",0,"Not applicable",1,"Model-based Estimates",2,"Interpolation",26.234830932841
67,"Median age of population","Median age of the total population","World Population Prospects",2024,"United Nations Population Division",438,"Liechtenstein","LI","LIE",70,"2019",4,"Median",3,"Both sexes",188,0,-1,"Total",0,"Not applicable",1,"Model-based Estimates",2,"Interpolation",43.3856203711573
67,"Median age of population","Median age of the total population","World Population Prospects",2024,"United Nations Population Division",440,"Lithuania","LT","LTU",70,"2019",4,"Median",3,"Both sexes",188,0,-1,"Total",0,"Not applicable",1,"Model-based Estimates",2,"Interpolation",43.1401459589165
67,"Median age of population","Median age of the total population","World Population Prospects",2024,"United Nations Population Division",442,"Luxembourg","LU","LUX",70,"2019",4,"Median",3,"Both sexes",188,0,-1,"Total",0,"Not applicable",1,"Model-based Estimates",2,"Interpolation",38.4842481478782
67,"Median age of population","Median age of the total population","World Population Prospects",2024,"United Nations Population Division",446,"China, Macao SAR","MO","MAC",70,"2019",4,"Median",3,"Both sexes",188,0,-1,"Total",0,"Not applicable",1,"Model-based Estimates",2,"Interpolation",36.7129335325004
67,"Median age of population","Median age of the total population","World Population Prospects",2024,"United Nations Population Division",450,"Madagascar","MG","MDG",70,"2019",4,"Median",3,"Both sexes",188,0,-1,"Total",0,"Not applicable",1,"Model-based Estimates",2,"Interpolation",18.2419192875503
67,"Median age of population","Median age of the total population","World Population Prospects",2024,"United Nations Population Division",454,"Malawi","MW","MWI",70,"2019",4,"Median",3,"Both sexes",188,0,-1,"Total",0,"Not applicable",1,"Model-based Estimates",2,"Interpolation",16.6945020208502
67,"Median age of population","Median age of the total population","World Population Prospects",2024,"United Nations Population Division",458,"Malaysia","MY","MYS",70,"2019",4,"Median",3,"Both sexes",188,0,-1,"Total",0,"Not applicable",1,"Model-based Estimates",2,"Interpolation",28.1748447846456
67,"Median age of population","Median age of the total population","World Population Prospects",2024,"United Nations Population Division",462,"Maldives","MV","MDV",70,"2019",4,"Median",3,"Both sexes",188,0,-1,"Total",0,"Not applicable",1,"Model-based Estimates",2,"Interpolation",28.5129139941992
67,"Median age of population","Median age of the total population","World Population Prospects",2024,"United Nations Population Division",466,"Mali","ML","MLI",70,"2019",4,"Median",3,"Both sexes",188,0,-1,"Total",0,"Not applicable",1,"Model-based Estimates",2,"Interpolation",15.0212080375777
67,"Median age of population","Median age of the total population","World Population Prospects",2024,"United Nations Population Division",470,"Malta","MT","MLT",70,"2019",4,"Median",3,"Both sexes",188,0,-1,"Total",0,"Not applicable",1,"Model-based Estimates",2,"Interpolation",38.8932770179651
67,"Median age of population","Median age of the total population","World Population Prospects",2024,"United Nations Population Division",474,"Martinique","MQ","MTQ",70,"2019",4,"Median",3,"Both sexes",188,0,-1,"Total",0,"Not applicable",1,"Model-based Estimates",2,"Interpolation",47.0298545172878
67,"Median age of population","Median age of the total population","World Population Prospects",2024,"United Nations Population Division",478,"Mauritania","MR","MRT",70,"2019",4,"Median",3,"Both sexes",188,0,-1,"Total",0,"Not applicable",1,"Model-based Estimates",2,"Interpolation",16.7724158342893
67,"Median age of population","Median age of the total population","World Population Prospects",2024,"United Nations Population Division",480,"Mauritius","MU","MUS",70,"2019",4,"Median",3,"Both sexes",188,0,-1,"Total",0,"Not applicable",1,"Model-based Estimates",2,"Interpolation",35.594207373941
67,"Median age of population","Median age of the total population","World Population Prospects",2024,"United Nations Population Division",484,"Mexico","MX","MEX",70,"2019",4,"Median",3,"Both sexes",188,0,-1,"Total",0,"Not applicable",1,"Model-based Estimates",2,"Interpolation",27.6162393471766
67,"Median age of population","Median age of the total population","World Population Prospects",2024,"United Nations Population Division",492,"Monaco","MC","MCO",70,"2019",4,"Median",3,"Both sexes",188,0,-1,"Total",0,"Not applicable",1,"Model-based Estimates",2,"Interpolation",54.6419863159083
67,"Median age of population","Median age of the total population","World Population Prospects",2024,"United Nations Population Division",496,"Mongolia","MN","MNG",70,"2019",4,"Median",3,"Both sexes",188,0,-1,"Total",0,"Not applicable",1,"Model-based Estimates",2,"Interpolation",26.3339278782201
67,"Median age of population","Median age of the total population","World Population Prospects",2024,"United Nations Population Division",498,"Republic of Moldova","MD","MDA",70,"2019",4,"Median",3,"Both sexes",188,0,-1,"Total",0,"Not applicable",1,"Model-based Estimates",2,"Interpolation",36.4586324168001
67,"Median age of population","Median age of the total population","World Population Prospects",2024,"United Nations Population Division",499,"Montenegro","ME","MNE",70,"2019",4,"Median",3,"Both sexes",188,0,-1,"Total",0,"Not applicable",1,"Model-based Estimates",2,"Interpolation",38.3407772692216
67,"Median age of population","Median age of the total population","World Population Prospects",2024,"United Nations Population Division",500,"Montserrat","MS","MSR",70,"2019",4,"Median",3,"Both sexes",188,0,-1,"Total",0,"Not applicable",1,"Model-based Estimates",2,"Interpolation",40.255624744949
67,"Median age of population","Median age of the total population","World Population Prospects",2024,"United Nations Population Division",504,"Morocco","MA","MAR",70,"2019",4,"Median",3,"Both sexes",188,0,-1,"Total",0,"Not applicable",1,"Model-based Estimates",2,"Interpolation",27.8744565924488
67,"Median age of population","Median age of the total population","World Population Prospects",2024,"United Nations Population Division",508,"Mozambique","MZ","MOZ",70,"2019",4,"Median",3,"Both sexes",188,0,-1,"Total",0,"Not applicable",1,"Model-based Estimates",2,"Interpolation",16.0700479491549
67,"Median age of population","Median age of the total population","World Population Prospects",2024,"United Nations Population Division",512,"Oman","OM","OMN",70,"2019",4,"Median",3,"Both sexes",188,0,-1,"Total",0,"Not applicable",1,"Model-based Estimates",2,"Interpolation",28.8802378890609
67,"Median age of population","Median age of the total population","World Population Prospects",2024,"United Nations Population Division",516,"Namibia","NA","NAM",70,"2019",4,"Median",3,"Both sexes",188,0,-1,"Total",0,"Not applicable",1,"Model-based Estimates",2,"Interpolation",20.732918181918
67,"Median age of population","Median age of the total population","World Population Prospects",2024,"United Nations Population Division",520,"Nauru","NR","NRU",70,"2019",4,"Median",3,"Both sexes",188,0,-1,"Total",0,"Not applicable",1,"Model-based Estimates",2,"Interpolation",20.9034866904677
67,"Median age of population","Median age of the total population","World Population Prospects",2024,"United Nations Population Division",524,"Nepal","NP","NPL",70,"2019",4,"Median",3,"Both sexes",188,0,-1,"Total",0,"Not applicable",1,"Model-based Estimates",2,"Interpolation",22.6629091264749
67,"Median age of population","Median age of the total population","World Population Prospects",2024,"United Nations Population Division",528,"Netherlands","NL","NLD",70,"2019",4,"Median",3,"Both sexes",188,0,-1,"Total",0,"Not applicable",1,"Model-based Estimates",2,"Interpolation",41.4891900542839
67,"Median age of population","Median age of the total population","World Population Prospects",2024,"United Nations Population Division",531,"Curaçao","CW","CUW",70,"2019",4,"Median",3,"Both sexes",188,0,-1,"Total",0,"Not applicable",1,"Model-based Estimates",2,"Interpolation",36.5701654053518
67,"Median age of population","Median age of the total population","World Population Prospects",2024,"United Nations Population Division",533,"Aruba","AW","ABW",70,"2019",4,"Median",3,"Both sexes",188,0,-1,"Total",0,"Not applicable",1,"Model-based Estimates",2,"Interpolation",40.0883340307296
67,"Median age of population","Median age of the total population","World Population Prospects",2024,"United Nations Population Division",534,"Sint Maarten (Dutch part)","SX","SXM",70,"2019",4,"Median",3,"Both sexes",188,0,-1,"Total",0,"Not applicable",1,"Model-based Estimates",2,"Interpolation",39.6237635840753
67,"Median age of population","Median age of the total population","World Population Prospects",2024,"United Nations Population Division",535,"Bonaire, Sint Eustatius and Saba","BQ","BES",70,"2019",4,"Median",3,"Both sexes",188,0,-1,"Total",0,"Not applicable",1,"Model-based Estimates",2,"Interpolation",39.5648595286513
67,"Median age of population","Median age of the total population","World Population Prospects",2024,"United Nations Population Division",540,"New Caledonia","NC","NCL",70,"2019",4,"Median",3,"Both sexes",188,0,-1,"Total",0,"Not applicable",1,"Model-based Estimates",2,"Interpolation",32.4759405277986
67,"Median age of population","Median age of the total population","World Population Prospects",2024,"United Nations Population Division",548,"Vanuatu","VU","VUT",70,"2019",4,"Median",3,"Both sexes",188,0,-1,"Total",0,"Not applicable",1,"Model-based Estimates",2,"Interpolation",20.187796602843
67,"Median age of population","Median age of the total population","World Population Prospects",2024,"United Nations Population Division",554,"New Zealand","NZ","NZL",70,"2019",4,"Median",3,"Both sexes",188,0,-1,"Total",0,"Not applicable",1,"Model-based Estimates",2,"Interpolation",36.2868531135305
67,"Median age of population","Median age of the total population","World Population Prospects",2024,"United Nations Population Division",558,"Nicaragua","NI","NIC",70,"2019",4,"Median",3,"Both sexes",188,0,-1,"Total",0,"Not applicable",1,"Model-based Estimates",2,"Interpolation",23.9799275149907
67,"Median age of population","Median age of the total population","World Population Prospects",2024,"United Nations Population Division",562,"Niger","NE","NER",70,"2019",4,"Median",3,"Both sexes",188,0,-1,"Total",0,"Not applicable",1,"Model-based Estimates",2,"Interpolation",14.6988533477766
67,"Median age of population","Median age of the total population","World Population Prospects",2024,"United Nations Population Division",566,"Nigeria","NG","NGA",70,"2019",4,"Median",3,"Both sexes",188,0,-1,"Total",0,"Not applicable",1,"Model-based Estimates",2,"Interpolation",17.0531255775454
67,"Median age of population","Median age of the total population","World Population Prospects",2024,"United Nations Population Division",570,"Niue","NU","NIU",70,"2019",4,"Median",3,"Both sexes",188,0,-1,"Total",0,"Not applicable",1,"Model-based Estimates",2,"Interpolation",35.9015777610819
67,"Median age of population","Median age of the total population","World Population Prospects",2024,"United Nations Population Division",578,"Norway","NO","NOR",70,"2019",4,"Median",3,"Both sexes",188,0,-1,"Total",0,"Not applicable",1,"Model-based Estimates",2,"Interpolation",38.7973102442023
67,"Median age of population","Median age of the total population","World Population Prospects",2024,"United Nations Population Division",580,"Northern Mariana Islands","MP","MNP",70,"2019",4,"Median",3,"Both sexes",188,0,-1,"Total",0,"Not applicable",1,"Model-based Estimates",2,"Interpolation",33.2641107522717
67,"Median age of population","Median age of the total population","World Population Prospects",2024,"United Nations Population Division",583,"Micronesia (Fed. States of)","FM","FSM",70,"2019",4,"Median",3,"Both sexes",188,0,-1,"Total",0,"Not applicable",1,"Model-based Estimates",2,"Interpolation",21.890328943678
67,"Median age of population","Median age of the total population","World Population Prospects",2024,"United Nations Population Division",584,"Marshall Islands","MH","MHL",70,"2019",4,"Median",3,"Both sexes",188,0,-1,"Total",0,"Not applicable",1,"Model-based Estimates",2,"Interpolation",21.3374501333528
67,"Median age of population","Median age of the total population","World Population Prospects",2024,"United Nations Population Division",585,"Palau","PW","PLW",70,"2019",4,"Median",3,"Both sexes",188,0,-1,"Total",0,"Not applicable",1,"Model-based Estimates",2,"Interpolation",36.4390157294312
67,"Median age of population","Median age of the total population","World Population Prospects",2024,"United Nations Population Division",586,"Pakistan","PK","PAK",70,"2019",4,"Median",3,"Both sexes",188,0,-1,"Total",0,"Not applicable",1,"Model-based Estimates",2,"Interpolation",19.6521039536619
67,"Median age of population","Median age of the total population","World Population Prospects",2024,"United Nations Population Division",591,"Panama","PA","PAN",70,"2019",4,"Median",3,"Both sexes",188,0,-1,"Total",0,"Not applicable",1,"Model-based Estimates",2,"Interpolation",28.3612010641298
67,"Median age of population","Median age of the total population","World Population Prospects",2024,"United Nations Population Division",598,"Papua New Guinea","PG","PNG",70,"2019",4,"Median",3,"Both sexes",188,0,-1,"Total",0,"Not applicable",1,"Model-based Estimates",2,"Interpolation",21.5426506735575
67,"Median age of population","Median age of the total population","World Population Prospects",2024,"United Nations Population Division",600,"Paraguay","PY","PRY",70,"2019",4,"Median",3,"Both sexes",188,0,-1,"Total",0,"Not applicable",1,"Model-based Estimates",2,"Interpolation",25.2154376020512
67,"Median age of population","Median age of the total population","World Population Prospects",2024,"United Nations Population Division",604,"Peru","PE","PER",70,"2019",4,"Median",3,"Both sexes",188,0,-1,"Total",0,"Not applicable",1,"Model-based Estimates",2,"Interpolation",28.2205835006159
67,"Median age of population","Median age of the total population","World Population Prospects",2024,"United Nations Population Division",608,"Philippines","PH","PHL",70,"2019",4,"Median",3,"Both sexes",188,0,-1,"Total",0,"Not applicable",1,"Model-based Estimates",2,"Interpolation",23.6890222237258
67,"Median age of population","Median age of the total population","World Population Prospects",2024,"United Nations Population Division",616,"Poland","PL","POL",70,"2019",4,"Median",3,"Both sexes",188,0,-1,"Total",0,"Not applicable",1,"Model-based Estimates",2,"Interpolation",39.7420879388975
67,"Median age of population","Median age of the total population","World Population Prospects",2024,"United Nations Population Division",620,"Portugal","PT","PRT",70,"2019",4,"Median",3,"Both sexes",188,0,-1,"Total",0,"Not applicable",1,"Model-based Estimates",2,"Interpolation",44.6038102274917
67,"Median age of population","Median age of the total population","World Population Prospects",2024,"United Nations Population Division",624,"Guinea-Bissau","GW","GNB",70,"2019",4,"Median",3,"Both sexes",188,0,-1,"Total",0,"Not applicable",1,"Model-based Estimates",2,"Interpolation",18.1881136053586
67,"Median age of population","Median age of the total population","World Population Prospects",2024,"United Nations Population Division",626,"Timor-Leste","TL","TLS",70,"2019",4,"Median",3,"Both sexes",188,0,-1,"Total",0,"Not applicable",1,"Model-based Estimates",2,"Interpolation",19.8131198679676
67,"Median age of population","Median age of the total population","World Population Prospects",2024,"United Nations Population Division",630,"Puerto Rico","PR","PRI",70,"2019",4,"Median",3,"Both sexes",188,0,-1,"Total",0,"Not applicable",1,"Model-based Estimates",2,"Interpolation",43.7459095923517
67,"Median age of population","Median age of the total population","World Population Prospects",2024,"United Nations Population Division",634,"Qatar","QA","QAT",70,"2019",4,"Median",3,"Both sexes",188,0,-1,"Total",0,"Not applicable",1,"Model-based Estimates",2,"Interpolation",31.2061922685935
67,"Median age of population","Median age of the total population","World Population Prospects",2024,"United Nations Population Division",638,"Réunion","RE","REU",70,"2019",4,"Median",3,"Both sexes",188,0,-1,"Total",0,"Not applicable",1,"Model-based Estimates",2,"Interpolation",35.9336575593074
67,"Median age of population","Median age of the total population","World Population Prospects",2024,"United Nations Population Division",642,"Romania","RO","ROU",70,"2019",4,"Median",3,"Both sexes",188,0,-1,"Total",0,"Not applicable",1,"Model-based Estimates",2,"Interpolation",41.6278474299922
67,"Median age of population","Median age of the total population","World Population Prospects",2024,"United Nations Population Division",643,"Russian Federation","RU","RUS",70,"2019",4,"Median",3,"Both sexes",188,0,-1,"Total",0,"Not applicable",1,"Model-based Estimates",2,"Interpolation",38.4414553518937
67,"Median age of population","Median age of the total population","World Population Prospects",2024,"United Nations Population Division",646,"Rwanda","RW","RWA",70,"2019",4,"Median",3,"Both sexes",188,0,-1,"Total",0,"Not applicable",1,"Model-based Estimates",2,"Interpolation",18.7415274887169
67,"Median age of population","Median age of the total population","World Population Prospects",2024,"United Nations Population Division",652,"Saint Barthélemy","BL","BLM",70,"2019",4,"Median",3,"Both sexes",188,0,-1,"Total",0,"Not applicable",1,"Model-based Estimates",2,"Interpolation",37.9674533133051
67,"Median age of population","Median age of the total population","World Population Prospects",2024,"United Nations Population Division",654,"Saint Helena","SH","SHN",70,"2019",4,"Median",3,"Both sexes",188,0,-1,"Total",0,"Not applicable",1,"Model-based Estimates",2,"Interpolation",48.5469318093242
67,"Median age of population","Median age of the total population","World Population Prospects",2024,"United Nations Population Division",659,"Saint Kitts and Nevis","KN","KNA",70,"2019",4,"Median",3,"Both sexes",188,0,-1,"Total",0,"Not applicable",1,"Model-based Estimates",2,"Interpolation",33.6726913571318
67,"Median age of population","Median age of the total population","World Population Prospects",2024,"United Nations Population Division",660,"Anguilla","AI","AIA",70,"2019",4,"Median",3,"Both sexes",188,0,-1,"Total",0,"Not applicable",1,"Model-based Estimates",2,"Interpolation",35.4950292626559
67,"Median age of population","Median age of the total population","World Population Prospects",2024,"United Nations Population Division",662,"Saint Lucia","LC","LCA",70,"2019",4,"Median",3,"Both sexes",188,0,-1,"Total",0,"Not applicable",1,"Model-based Estimates",2,"Interpolation",32.1604645510893
67,"Median age of population","Median age of the total population","World Population Prospects",2024,"United Nations Population Division",663,"Saint Martin (French part)","MF","MAF",70,"2019",4,"Median",3,"Both sexes",188,0,-1,"Total",0,"Not applicable",1,"Model-based Estimates",2,"Interpolation",38.57873895898
67,"Median age of population","Median age of the total population","World Population Prospects",2024,"United Nations Population Division",666,"Saint Pierre and Miquelon","PM","SPM",70,"2019",4,"Median",3,"Both sexes",188,0,-1,"Total",0,"Not applicable",1,"Model-based Estimates",2,"Interpolation",44.5523542131561
67,"Median age of population","Median age of the total population","World Population Prospects",2024,"United Nations Population Division",670,"Saint Vincent and the Grenadines","VC","VCT",70,"2019",4,"Median",3,"Both sexes",188,0,-1,"Total",0,"Not applicable",1,"Model-based Estimates",2,"Interpolation",32.7352742116613
67,"Median age of population","Median age of the total population","World Population Prospects",2024,"United Nations Population Division",674,"San Marino","SM","SMR",70,"2019",4,"Median",3,"Both sexes",188,0,-1,"Total",0,"Not applicable",1,"Model-based Estimates",2,"Interpolation",45.3323591342688
67,"Median age of population","Median age of the total population","World Population Prospects",2024,"United Nations Population Division",678,"Sao Tome and Principe","ST","STP",70,"2019",4,"Median",3,"Both sexes",188,0,-1,"Total",0,"Not applicable",1,"Model-based Estimates",2,"Interpolation",18.3200591482411
67,"Median age of population","Median age of the total population","World Population Prospects",2024,"United Nations Population Division",682,"Saudi Arabia","SA","SAU",70,"2019",4,"Median",3,"Both sexes",188,0,-1,"Total",0,"Not applicable",1,"Model-based Estimates",2,"Interpolation",28.4037976426522
67,"Median age of population","Median age of the total population","World Population Prospects",2024,"United Nations Population Division",686,"Senegal","SN","SEN",70,"2019",4,"Median",3,"Both sexes",188,0,-1,"Total",0,"Not applicable",1,"Model-based Estimates",2,"Interpolation",18.1601361006528
67,"Median age of population","Median age of the total population","World Population Prospects",2024,"United Nations Population Division",688,"Serbia","RS","SRB",70,"2019",4,"Median",3,"Both sexes",188,0,-1,"Total",0,"Not applicable",1,"Model-based Estimates",2,"Interpolation",43.1663180258266
67,"Median age of population","Median age of the total population","World Population Prospects",2024,"United Nations Population Division",690,"Seychelles","SC","SYC",70,"2019",4,"Median",3,"Both sexes",188,0,-1,"Total",0,"Not applicable",1,"Model-based Estimates",2,"Interpolation",32.2385120984744
67,"Median age of population","Median age of the total population","World Population Prospects",2024,"United Nations Population Division",694,"Sierra Leone","SL","SLE",70,"2019",4,"Median",3,"Both sexes",188,0,-1,"Total",0,"Not applicable",1,"Model-based Estimates",2,"Interpolation",18.4002038385823
67,"Median age of population","Median age of the total population","World Population Prospects",2024,"United Nations Population Division",702,"Singapore","SG","SGP",70,"2019",4,"Median",3,"Both sexes",188,0,-1,"Total",0,"Not applicable",1,"Model-based Estimates",2,"Interpolation",34.186085508214
67,"Median age of population","Median age of the total population","World Population Prospects",2024,"United Nations Population Division",703,"Slovakia","SK","SVK",70,"2019",4,"Median",3,"Both sexes",188,0,-1,"Total",0,"Not applicable",1,"Model-based Estimates",2,"Interpolation",39.8045787720572
67,"Median age of population","Median age of the total population","World Population Prospects",2024,"United Nations Population Division",704,"Viet Nam","VN","VNM",70,"2019",4,"Median",3,"Both sexes",188,0,-1,"Total",0,"Not applicable",1,"Model-based Estimates",2,"Interpolation",30.5858807584327
67,"Median age of population","Median age of the total population","World Population Prospects",2024,"United Nations Population Division",705,"Slovenia","SI","SVN",70,"2019",4,"Median",3,"Both sexes",188,0,-1,"Total",0,"Not applicable",1,"Model-based Estimates",2,"Interpolation",42.9733939079794
67,"Median age of population","Median age of the total population","World Population Prospects",2024,"United Nations Population Division",706,"Somalia","SO","SOM",70,"2019",4,"Median",3,"Both sexes",188,0,-1,"Total",0,"Not applicable",1,"Model-based Estimates",2,"Interpolation",15.2139792658563
67,"Median age of population","Median age of the total population","World Population Prospects",2024,"United Nations Population Division",710,"South Africa","ZA","ZAF",70,"2019",4,"Median",3,"Both sexes",188,0,-1,"Total",0,"Not applicable",1,"Model-based Estimates",2,"Interpolation",26.8728202157556
67,"Median age of population","Median age of the total population","World Population Prospects",2024,"United Nations Population Division",716,"Zimbabwe","ZW","ZWE",70,"2019",4,"Median",3,"Both sexes",188,0,-1,"Total",0,"Not applicable",1,"Model-based Estimates",2,"Interpolation",17.1867946638079
67,"Median age of population","Median age of the total population","World Population Prospects",2024,"United Nations Population Division",724,"Spain","ES","ESP",70,"2019",4,"Median",3,"Both sexes",188,0,-1,"Total",0,"Not applicable",1,"Model-based Estimates",2,"Interpolation",43.138419081889
67,"Median age of population","Median age of the total population","World Population Prospects",2024,"United Nations Population Division",728,"South Sudan","SS","SSD",70,"2019",4,"Median",3,"Both sexes",188,0,-1,"Total",0,"Not applicable",1,"Model-based Estimates",2,"Interpolation",16.5941574205469
67,"Median age of population","Median age of the total population","World Population Prospects",2024,"United Nations Population Division",729,"Sudan","SD","SDN",70,"2019",4,"Median",3,"Both sexes",188,0,-1,"Total",0,"Not applicable",1,"Model-based Estimates",2,"Interpolation",17.6754573637864
67,"Median age of population","Median age of the total population","World Population Prospects",2024,"United Nations Population Division",732,"Western Sahara","EH","ESH",70,"2019",4,"Median",3,"Both sexes",188,0,-1,"Total",0,"Not applicable",1,"Model-based Estimates",2,"Interpolation",30.5616159196444
67,"Median age of population","Median age of the total population","World Population Prospects",2024,"United Nations Population Division",740,"Suriname","SR","SUR",70,"2019",4,"Median",3,"Both sexes",188,0,-1,"Total",0,"Not applicable",1,"Model-based Estimates",2,"Interpolation",27.298210106892
67,"Median age of population","Median age of the total population","World Population Prospects",2024,"United Nations Population Division",748,"Eswatini","SZ","SWZ",70,"2019",4,"Median",3,"Both sexes",188,0,-1,"Total",0,"Not applicable",1,"Model-based Estimates",2,"Interpolation",21.0118594782576
67,"Median age of population","Median age of the total population","World Population Prospects",2024,"United Nations Population Division",752,"Sweden","SE","SWE",70,"2019",4,"Median",3,"Both sexes",188,0,-1,"Total",0,"Not applicable",1,"Model-based Estimates",2,"Interpolation",39.5294816535227
67,"Median age of population","Median age of the total population","World Population Prospects",2024,"United Nations Population Division",756,"Switzerland","CH","CHE",70,"2019",4,"Median",3,"Both sexes",188,0,-1,"Total",0,"Not applicable",1,"Model-based Estimates",2,"Interpolation",41.581934905769
67,"Median age of population","Median age of the total population","World Population Prospects",2024,"United Nations Population Division",760,"Syrian Arab Republic","SY","SYR",70,"2019",4,"Median",3,"Both sexes",188,0,-1,"Total",0,"Not applicable",1,"Model-based Estimates",2,"Interpolation",19.8072714766935
67,"Median age of population","Median age of the total population","World Population Prospects",2024,"United Nations Population Division",762,"Tajikistan","TJ","TJK",70,"2019",4,"Median",3,"Both sexes",188,0,-1,"Total",0,"Not applicable",1,"Model-based Estimates",2,"Interpolation",21.2757959438942
67,"Median age of population","Median age of the total population","World Population Prospects",2024,"United Nations Population Division",764,"Thailand","TH","THA",70,"2019",4,"Median",3,"Both sexes",188,0,-1,"Total",0,"Not applicable",1,"Model-based Estimates",2,"Interpolation",37.7141762945238
67,"Median age of population","Median age of the total population","World Population Prospects",2024,"United Nations Population Division",768,"Togo","TG","TGO",70,"2019",4,"Median",3,"Both sexes",188,0,-1,"Total",0,"Not applicable",1,"Model-based Estimates",2,"Interpolation",18.4088203908917
67,"Median age of population","Median age of the total population","World Population Prospects",2024,"United Nations Population Division",772,"Tokelau","TK","TKL",70,"2019",4,"Median",3,"Both sexes",188,0,-1,"Total",0,"Not applicable",1,"Model-based Estimates",2,"Interpolation",25.7911214752071
67,"Median age of population","Median age of the total population","World Population Prospects",2024,"United Nations Population Division",776,"Tonga","TO","TON",70,"2019",4,"Median",3,"Both sexes",188,0,-1,"Total",0,"Not applicable",1,"Model-based Estimates",2,"Interpolation",20.9235958220656
67,"Median age of population","Median age of the total population","World Population Prospects",2024,"United Nations Population Division",780,"Trinidad and Tobago","TT","TTO",70,"2019",4,"Median",3,"Both sexes",188,0,-1,"Total",0,"Not applicable",1,"Model-based Estimates",2,"Interpolation",34.7200122501381
67,"Median age of population","Median age of the total population","World Population Prospects",2024,"United Nations Population Division",784,"United Arab Emirates","AE","ARE",70,"2019",4,"Median",3,"Both sexes",188,0,-1,"Total",0,"Not applicable",1,"Model-based Estimates",2,"Interpolation",30.8340020704599
67,"Median age of population","Median age of the total population","World Population Prospects",2024,"United Nations Population Division",788,"Tunisia","TN","TUN",70,"2019",4,"Median",3,"Both sexes",188,0,-1,"Total",0,"Not applicable",1,"Model-based Estimates",2,"Interpolation",30.7560111594944
67,"Median age of population","Median age of the total population","World Population Prospects",2024,"United Nations Population Division",792,"Türkiye","TR","TUR",70,"2019",4,"Median",3,"Both sexes",188,0,-1,"Total",0,"Not applicable",1,"Model-based Estimates",2,"Interpolation",30.8251029706408
67,"Median age of population","Median age of the total population","World Population Prospects",2024,"United Nations Population Division",795,"Turkmenistan","TM","TKM",70,"2019",4,"Median",3,"Both sexes",188,0,-1,"Total",0,"Not applicable",1,"Model-based Estimates",2,"Interpolation",25.1303791715858
67,"Median age of population","Median age of the total population","World Population Prospects",2024,"United Nations Population Division",796,"Turks and Caicos Islands","TC","TCA",70,"2019",4,"Median",3,"Both sexes",188,0,-1,"Total",0,"Not applicable",1,"Model-based Estimates",2,"Interpolation",36.651659357889
67,"Median age of population","Median age of the total population","World Population Prospects",2024,"United Nations Population Division",798,"Tuvalu","TV","TUV",70,"2019",4,"Median",3,"Both sexes",188,0,-1,"Total",0,"Not applicable",1,"Model-based Estimates",2,"Interpolation",24.2729998502172
67,"Median age of population","Median age of the total population","World Population Prospects",2024,"United Nations Population Division",800,"Uganda","UG","UGA",70,"2019",4,"Median",3,"Both sexes",188,0,-1,"Total",0,"Not applicable",1,"Model-based Estimates",2,"Interpolation",15.6908656502655
67,"Median age of population","Median age of the total population","World Population Prospects",2024,"United Nations Population Division",804,"Ukraine","UA","UKR",70,"2019",4,"Median",3,"Both sexes",188,0,-1,"Total",0,"Not applicable",1,"Model-based Estimates",2,"Interpolation",40.4807324033481
67,"Median age of population","Median age of the total population","World Population Prospects",2024,"United Nations Population Division",807,"North Macedonia","MK","MKD",70,"2019",4,"Median",3,"Both sexes",188,0,-1,"Total",0,"Not applicable",1,"Model-based Estimates",2,"Interpolation",38.8611919304406
67,"Median age of population","Median age of the total population","World Population Prospects",2024,"United Nations Population Division",818,"Egypt","EG","EGY",70,"2019",4,"Median",3,"Both sexes",188,0,-1,"Total",0,"Not applicable",1,"Model-based Estimates",2,"Interpolation",23.3278002921854
67,"Median age of population","Median age of the total population","World Population Prospects",2024,"United Nations Population Division",826,"United Kingdom","GB","GBR",70,"2019",4,"Median",3,"Both sexes",188,0,-1,"Total",0,"Not applicable",1,"Model-based Estimates",2,"Interpolation",39.0908849983669
67,"Median age of population","Median age of the total population","World Population Prospects",2024,"United Nations Population Division",831,"Guernsey","GG","GGY",70,"2019",4,"Median",3,"Both sexes",188,0,-1,"Total",0,"Not applicable",1,"Model-based Estimates",2,"Interpolation",43.5659579114149
67,"Median age of population","Median age of the total population","World Population Prospects",2024,"United Nations Population Division",832,"Jersey","JE","JEY",70,"2019",4,"Median",3,"Both sexes",188,0,-1,"Total",0,"Not applicable",1,"Model-based Estimates",2,"Interpolation",42.0555462445064
67,"Median age of population","Median age of the total population","World Population Prospects",2024,"United Nations Population Division",833,"Isle of Man","IM","IMN",70,"2019",4,"Median",3,"Both sexes",188,0,-1,"Total",0,"Not applicable",1,"Model-based Estimates",2,"Interpolation",44.8312227470498
67,"Median age of population","Median age of the total population","World Population Prospects",2024,"United Nations Population Division",834,"United Republic of Tanzania","TZ","TZA",70,"2019",4,"Median",3,"Both sexes",188,0,-1,"Total",0,"Not applicable",1,"Model-based Estimates",2,"Interpolation",16.8335537825291
67,"Median age of population","Median age of the total population","World Population Prospects",2024,"United Nations Population Division",840,"United States of America","US","USA",70,"2019",4,"Median",3,"Both sexes",188,0,-1,"Total",0,"Not applicable",1,"Model-based Estimates",2,"Interpolation",37.0023622045719
67,"Median age of population","Median age of the total population","World Population Prospects",2024,"United Nations Population Division",850,"United States Virgin Islands","VI","VIR",70,"2019",4,"Median",3,"Both sexes",188,0,-1,"Total",0,"Not applicable",1,"Model-based Estimates",2,"Interpolation",44.1372563252413
67,"Median age of population","Median age of the total population","World Population Prospects",2024,"United Nations Population Division",854,"Burkina Faso","BF","BFA",70,"2019",4,"Median",3,"Both sexes",188,0,-1,"Total",0,"Not applicable",1,"Model-based Estimates",2,"Interpolation",16.4442511727063
67,"Median age of population","Median age of the total population","World Population Prospects",2024,"United Nations Population Division",858,"Uruguay","UY","URY",70,"2019",4,"Median",3,"Both sexes",188,0,-1,"Total",0,"Not applicable",1,"Model-based Estimates",2,"Interpolation",34.7609925386943
67,"Median age of population","Median age of the total population","World Population Prospects",2024,"United Nations Population Division",860,"Uzbekistan","UZ","UZB",70,"2019",4,"Median",3,"Both sexes",188,0,-1,"Total",0,"Not applicable",1,"Model-based Estimates",2,"Interpolation",26.3607791040578
67,"Median age of population","Median age of the total population","World Population Prospects",2024,"United Nations Population Division",862,"Venezuela (Bolivarian Republic of)","VE","VEN",70,"2019",4,"Median",3,"Both sexes",188,0,-1,"Total",0,"Not applicable",1,"Model-based Estimates",2,"Interpolation",27.8539563749729
67,"Median age of population","Median age of the total population","World Population Prospects",2024,"United Nations Population Division",876,"Wallis and Futuna Islands","WF","WLF",70,"2019",4,"Median",3,"Both sexes",188,0,-1,"Total",0,"Not applicable",1,"Model-based Estimates",2,"Interpolation",35.0556801884496
67,"Median age of population","Median age of the total population","World Population Prospects",2024,"United Nations Population Division",882,"Samoa","WS","WSM",70,"2019",4,"Median",3,"Both sexes",188,0,-1,"Total",0,"Not applicable",1,"Model-based Estimates",2,"Interpolation",20.4203345795426
67,"Median age of population","Median age of the total population","World Population Prospects",2024,"United Nations Population Division",887,"Yemen","YE","YEM",70,"2019",4,"Median",3,"Both sexes",188,0,-1,"Total",0,"Not applicable",1,"Model-based Estimates",2,"Interpolation",18.0168101297755
67,"Median age of population","Median age of the total population","World Population Prospects",2024,"United Nations Population Division",894,"Zambia","ZM","ZMB",70,"2019",4,"Median",3,"Both sexes",188,0,-1,"Total",0,"Not applicable",1,"Model-based Estimates",2,"Interpolation",16.7629379847139
